{
    "appid": 1293830,
    "name": "Forza Horizon 4",
    "type": "Game",
    "schinese_name": "极限竞速：地平线 4",
    "isfreeapp": 0,
    "update_time": "2025-07-04 11:44:35",
    "change_number": 29895938,
    "depot": {
        "228988": {
            "config": {
                "oslist": "windows"
            },
            "depotfromapp": "228980",
            "sharedinstall": "1"
        },
        "228990": {
            "config": {
                "oslist": "windows"
            },
            "depotfromapp": "228980",
            "sharedinstall": "1"
        },
        "1293831": {
            "config": {
                "language": ""
            },
            "manifests": {
                "public": {
                    "gid": "7960876371477493357",
                    "size": "88153822411",
                    "download": "83952363680"
                }
            },
            "decryptionkey": "c6be4a0719d73ba5201e778b7e44d6c9c0e1b4baf33104df4d0da1729751cf7f"
        },
        "1443091": {
            "dlcappid": "1443091",
            "config": {
                "language": ""
            },
            "manifests": {
                "public": {
                    "gid": "1638530373648163875",
                    "size": "7706213694",
                    "download": "7223477360"
                }
            },
            "decryptionkey": "cacce7495ef657d5a7e8ae0f89e83fcdbb3f7146e25f8dcf9a4843a74e711aba"
        },
        "1443092": {
            "dlcappid": "1443092",
            "config": {
                "language": ""
            },
            "manifests": {
                "public": {
                    "gid": "2636644777724144367",
                    "size": "5689241757",
                    "download": "4423992688"
                }
            },
            "decryptionkey": "bff2e67bf6bdf9001760367fcb99b7d1fba41f17441c648568895843464e2dd3"
        },
        "branches": {
            "public": {
                "buildid": "12772551",
                "timeupdated": "1701280792"
            }
        },
        "privatebranches": "1"
    }
}